Amenity,ParkNumber,AmenityCount
BASKETBALL BACKBOARDS,236,4
BASKETBALL COURTS,236,1
BASEBALL JR/SOFTBALL/T-BALL,236,2
PLAYGROUND,236,1
BASEBALL SR,236,2
BASKETBALL BACKBOARDS,1072,4
BASKETBALL COURTS,1072,1
BOCCE COURT,1072,2
FOOTBALL SOCCER COMBO,1072,1
HORSESHOE COURTS,1072,2
BASEBALL JR/SOFTBALL/T-BALL,1072,2
PLAYGROUND,1072,1
SPRAY FEATURE,1072,1
DOG-FRIENDLY,488,1
FOOTBALL SOCCER COMBO,1060,1
BASEBALL JR/SOFTBALL/T-BALL,1060,2
PLAYGROUND,1060,1
SPRAY FEATURE,1060,1
FOOTBALL SOCCER COMBO,47,1
BASEBALL JR/SOFTBALL/T-BALL,47,1
PLAYGROUND,47,1
TENNIS COURTS,47,2
BASKETBALL BACKBOARDS,446,2
BASKETBALL COURTS,446,1
PLAYGROUND,446,1
BASKETBALL BACKBOARDS,13,4
BASKETBALL COURTS,13,2
FOOTBALL SOCCER COMBO,13,1
FITNESS CENTER,13,1
GYMNASIUM,13,1
BASEBALL JR/SOFTBALL/T-BALL,13,5
POOL OUTDOOR,13,1
PLAYGROUND,13,1
SPORT ROLLER COURTS,13,1
SPRAY FEATURE,13,1
BASEBALL SR,13,2
TENNIS COURTS,13,9
WATER SLIDE,13,1
WHEELCHAIR ACCESSIBLE BALL FIELDS,251,1
FOOTBALL SOCCER COMBO,251,1
GYMNASIUM,251,1
ICE SKATING,251,1
BASEBALL JR/SOFTBALL/T-BALL,251,8
POOL OUTDOOR,251,1
PLAYGROUND,251,1
SPRAY FEATURE,251,1
BASEBALL SR,251,3
TENNIS COURTS,251,4
BASKETBALL BACKBOARDS,1118,2
BASKETBALL COURTS,1118,1
PLAYGROUND,1118,1
BASKETBALL BACKBOARDS,45,4
BASKETBALL COURTS,45,2
FOOTBALL SOCCER COMBO,45,1
FITNESS CENTER,45,1
GYMNASIUM,45,1
HORSESHOE COURTS,45,2
BASEBALL JR/SOFTBALL/T-BALL,45,2
POOL OUTDOOR,45,1
PLAYGROUND,45,1
SPRAY FEATURE,45,1
BASEBALL SR,45,2
TENNIS COURTS,45,4
FOOTBALL SOCCER COMBO,48,1
BASEBALL JR/SOFTBALL/T-BALL,48,5
POOL OUTDOOR,48,1
PLAYGROUND,48,1
VOLLEYBALL,48,1
BASEBALL SR,48,1
TENNIS COURTS,48,4
FOOTBALL SOCCER COMBO,248,1
GYMNASIUM,248,1
ICE SKATING,248,1
BASEBALL JR/SOFTBALL/T-BALL,248,4
PLAYGROUND,248,1
SPRAY FEATURE,248,1
BASEBALL SR,248,2
BASKETBALL BACKBOARDS,373,4
BASKETBALL COURTS,373,1
FOOTBALL SOCCER COMBO,373,1
BASEBALL JR/SOFTBALL/T-BALL,373,1
PLAYGROUND,373,1
BASKETBALL BACKBOARDS,1132,6
BASKETBALL COURTS,1132,3
PLAYGROUND,1132,1
BASKETBALL BACKBOARDS,287,4
BASKETBALL COURTS,287,1
BASEBALL JR/SOFTBALL/T-BALL,287,2
PLAYGROUND,287,1
TENNIS COURTS,287,2
VOLLEYBALL SAND,287,1
BASKETBALL BACKBOARDS,1041,2
BASKETBALL COURTS,1041,1
FOOTBALL SOCCER COMBO,1041,1
HORSESHOE COURTS,1041,1
BASEBALL JR/SOFTBALL/T-BALL,1041,1
PLAYGROUND,1041,1
SPRAY FEATURE,1041,1
BASEBALL SR,1041,1
VOLLEYBALL SAND,1041,1
BASKETBALL BACKBOARDS,379,4
BASKETBALL COURTS,379,2
FOOTBALL SOCCER COMBO,379,1
GYMNASIUM,379,1
BASEBALL JR/SOFTBALL/T-BALL,379,3
PLAYGROUND,379,1
SPRAY FEATURE,379,1
TENNIS COURTS,379,2
BASKETBALL BACKBOARDS,225,2
BASKETBALL COURTS,225,1
FOOTBALL SOCCER COMBO,225,1
FITNESS CENTER,225,1
GYMNASIUM,225,1
POOL INDOOR,225,1
BASEBALL JR/SOFTBALL/T-BALL,225,2
PLAYGROUND,225,1
SPRAY FEATURE,225,1
BASEBALL SR,225,1
TENNIS COURTS,225,5
FOOTBALL SOCCER COMBO,17,1
FITNESS CENTER,17,1
GYMNASIUM,17,1
POOL INDOOR,17,1
BASEBALL JR/SOFTBALL/T-BALL,17,6
PLAYGROUND,17,1
SPRAY FEATURE,17,1
BASEBALL SR,17,1
TENNIS COURTS,17,4
BASKETBALL BACKBOARDS,288,4
BASKETBALL COURTS,288,1
BASEBALL JR/SOFTBALL/T-BALL,288,1
PLAYGROUND,288,1
SPRAY FEATURE,288,1
BASEBALL SR,288,1
PLAYGROUND,1080,1
DOG-FRIENDLY,507,1
PLAYGROUND PARK,1288,1
FITNESS CENTER,515,1
GYMNASIUM,515,1
POOL INDOOR,515,1
PLAYGROUND,515,1
COMMUNITY GARDEN,518,1
BASKETBALL BACKBOARDS,228,4
BASKETBALL COURTS,228,2
FOOTBALL SOCCER COMBO,228,4
FITNESS CENTER,228,1
GYMNASIUM,228,1
BASEBALL JR/SOFTBALL/T-BALL,228,9
PLAYGROUND,228,1
BASEBALL SR,228,3
TENNIS COURTS,228,6
PLAYGROUND PARK,1107,1
PLAYGROUND PARK,1084,1
BASEBALL JR/SOFTBALL/T-BALL,85,1
PLAYGROUND,85,1
FOOTBALL SOCCER COMBO,147,2
GARDEN,147,1
GYMNASIUM,147,1
POOL INDOOR,147,1
BASEBALL JR/SOFTBALL/T-BALL,147,4
POOL OUTDOOR,147,1
PLAYGROUND,147,1
SENIOR CENTER,147,1
SPORT ROLLER COURTS,147,1
BASEBALL SR,147,1
TENNIS COURTS,147,6
WATER PLAYGROUND,147,1
WATER SLIDE,147,1
PLAYGROUND,1211,1
SPRAY FEATURE,1211,1
COMMUNITY GARDEN,493,1
PLAYGROUND,493,1
FOOTBALL SOCCER COMBO,185,1
GYMNASIUM,185,1
BASEBALL JR/SOFTBALL/T-BALL,185,3
PLAYGROUND,185,1
BASEBALL SR,185,1
TENNIS COURTS,185,4
PLAYGROUND PARK,1281,1
FOOTBALL SOCCER COMBO,83,1
FITNESS CENTER,83,1
GYMNASIUM,83,1
POOL INDOOR,83,1
BASEBALL JR/SOFTBALL/T-BALL,83,3
PLAYGROUND,83,1
SPRAY FEATURE,83,1
TENNIS COURTS,83,4
FITNESS CENTER,364,1
GYMNASIUM,364,1
POOL INDOOR,364,1
BASEBALL JR/SOFTBALL/T-BALL,364,1
PLAYGROUND,364,1
BASKETBALL BACKBOARDS,1064,2
BASKETBALL COURTS,1064,1
PLAYGROUND,1064,1
SPRAY FEATURE,1064,1
PLAYGROUND,1164,1
SPRAY FEATURE,1164,1
PLAYGROUND,497,1
BASKETBALL BACKBOARDS,210,4
BASKETBALL COURTS,210,2
FOOTBALL SOCCER COMBO,210,1
COMMUNITY GARDEN,210,1
FITNESS CENTER,210,1
GYMNASIUM,210,1
HORSESHOE COURTS,210,2
BASEBALL JR/SOFTBALL/T-BALL,210,3
POOL OUTDOOR,210,1
PLAYGROUND,210,1
SPRAY FEATURE,210,1
BASEBALL SR,210,1
TENNIS COURTS,210,2
BASKETBALL BACKBOARDS,448,8
BASKETBALL COURTS,448,2
FITNESS COURSES,448,1
BASEBALL JR/SOFTBALL/T-BALL,448,1
PLAYGROUND,448,1
SPRAY FEATURE,448,1
TENNIS COURTS,448,2
BASKETBALL BACKBOARDS,260,4
BASKETBALL COURTS,260,2
FOOTBALL SOCCER COMBO,260,1
BASEBALL JR/SOFTBALL/T-BALL,260,3
PLAYGROUND,260,1
BASEBALL SR,260,1
FOOTBALL SOCCER COMBO,1025,1
FITNESS CENTER,1025,1
GYMNASIUM,1025,1
BASEBALL JR/SOFTBALL/T-BALL,1025,1
PLAYGROUND,1025,1
SPRAY FEATURE,1025,1
BASEBALL SR,1025,1
BASKETBALL BACKBOARDS,1273,2
BASKETBALL COURTS,1273,1
PLAYGROUND PARK,1273,1
BASKETBALL BACKBOARDS,1012,4
BASKETBALL COURTS,1012,2
FOOTBALL SOCCER COMBO,1012,1
BASEBALL JR/SOFTBALL/T-BALL,1012,3
PLAYGROUND,1012,1
SPRAY FEATURE,1012,1
TENNIS COURTS,1012,2
VOLLEYBALL SAND,1012,1
PLAYGROUND PARK,397,1
ARTIFICIAL TURF FIELDS,12,1
BASKETBALL BACKBOARDS,12,4
BASKETBALL COURTS,12,1
FOOTBALL SOCCER COMBO,12,2
GARDEN,12,1
GYMNASIUM,12,2
HANDBALL,12,2
BASEBALL JR/SOFTBALL/T-BALL,12,4
POOL OUTDOOR,12,1
PLAYGROUND,12,1
SPRAY FEATURE,12,1
BASEBALL SR,12,2
TENNIS COURTS,12,4
TRACK,12,1
FOOTBALL SOCCER COMBO,242,2
FITNESS CENTER,242,1
GYMNASIUM,242,1
POOL INDOOR,242,1
BASEBALL JR/SOFTBALL/T-BALL,242,4
PLAYGROUND,242,1
SPRAY FEATURE,242,1
BASEBALL SR,242,2
VOLLEYBALL SAND,242,1
FOOTBALL SOCCER COMBO,265,1
FITNESS CENTER,265,1
GYMNASIUM,265,1
BASEBALL JR/SOFTBALL/T-BALL,265,2
PLAYGROUND,265,1
BOXING CENTER,265,1
BASKETBALL BACKBOARDS,18,4
BASKETBALL COURTS,18,2
FOOTBALL SOCCER COMBO,18,1
FITNESS CENTER,18,1
GYMNASIUM,18,1
BASEBALL JR/SOFTBALL/T-BALL,18,3
POOL OUTDOOR,18,1
PLAYGROUND,18,1
SPRAY FEATURE,18,1
BASEBALL SR,18,1
TENNIS COURTS,18,13
PLAYGROUND,1210,1
BASKETBALL BACKBOARDS,289,4
BASKETBALL COURTS,289,1
BASEBALL JR/SOFTBALL/T-BALL,289,2
PLAYGROUND,289,1
SPRAY FEATURE,289,1
TENNIS COURTS,289,2
BASKETBALL BACKBOARDS,320,8
BASKETBALL COURTS,320,2
GYMNASIUM,320,1
BASEBALL JR/SOFTBALL/T-BALL,320,2
PLAYGROUND,320,1
SPRAY FEATURE,320,1
TENNIS COURTS,320,2
BASKETBALL BACKBOARDS,177,6
BASKETBALL COURTS,177,3
FOOTBALL SOCCER COMBO,177,1
GYMNASIUM,177,1
BASEBALL JR/SOFTBALL/T-BALL,177,2
PLAYGROUND,177,1
SPRAY FEATURE,177,1
BASEBALL SR,177,2
TENNIS COURTS,177,3
GYMNASIUM,256,1
BASEBALL JR/SOFTBALL/T-BALL,256,3
PLAYGROUND,256,1
SPRAY FEATURE,256,1
PLAYGROUND PARK,1124,1
PLAYGROUND PARK,392,1
SPRAY FEATURE,392,1
BASKETBALL BACKBOARDS,1147,2
BASKETBALL COURTS,1147,1
BASEBALL JR/SOFTBALL/T-BALL,1147,1
PLAYGROUND,1147,1
GYMNASIUM,398,1
PLAYGROUND,398,1
ARTIFICIAL TURF FIELDS,84,1
BASKETBALL BACKBOARDS,84,4
BASKETBALL COURTS,84,1
FOOTBALL SOCCER COMBO,84,1
GARDEN,84,1
GYMNASIUM,84,1
BASEBALL JR/SOFTBALL/T-BALL,84,2
PLAYGROUND,84,1
BASEBALL SR,84,1
TENNIS COURTS,84,4
TRACK,84,1
PLAYGROUND PARK,1097,1
ARTIFICIAL TURF FIELDS,218,1
BASKETBALL BACKBOARDS,218,7
BASKETBALL COURTS,218,2
CASTING AREA,218,1
FOOTBALL SOCCER COMBO,218,6
CULTURAL CENTER,218,1
FITNESS CENTER,218,1
GARDEN,218,1
GOLF COURSE,218,1
GOLF PUTTING GREENS,218,1
GYMNASIUM,218,1
BASEBALL JR/SOFTBALL/T-BALL,218,1
POOL OUTDOOR,218,1
PLAYGROUND,218,5
SPRAY FEATURE,218,3
BASEBALL SR,218,1
TENNIS COURTS,218,3
TRACK,218,1
LAGOON,218,1
BOCCE COURT,229,2
FOOTBALL SOCCER COMBO,229,1
FITNESS CENTER,229,1
GYMNASIUM,229,1
HORSESHOE COURTS,229,2
BASEBALL JR/SOFTBALL/T-BALL,229,1
PLAYGROUND,229,1
SPORT ROLLER COURTS,229,1
SPRAY FEATURE,229,1
BASEBALL SR,229,4
TENNIS COURTS,229,2
PLAYGROUND PARK,1145,1
BASKETBALL BACKBOARDS,146,4
BASKETBALL COURTS,146,1
FOOTBALL SOCCER COMBO,146,1
HORSESHOE COURTS,146,4
BASEBALL JR/SOFTBALL/T-BALL,146,3
PLAYGROUND,146,1
VOLLEYBALL,146,1
SPRAY FEATURE,146,1
BASEBALL SR,146,1
TENNIS COURTS,146,4
BASKETBALL BACKBOARDS,81,2
BASKETBALL COURTS,81,1
GYMNASIUM,81,1
GYMNASTIC CENTERS,81,1
POOL OUTDOOR,81,1
PLAYGROUND,81,1
SPRAY FEATURE,81,1
BASKETBALL COURTS,187,1
FOOTBALL SOCCER COMBO,187,1
GYMNASIUM,187,1
BASEBALL JR/SOFTBALL/T-BALL,187,2
PLAYGROUND,187,1
BASEBALL SR,187,1
TENNIS COURTS,187,2
PLAYGROUND PARK,1056,1
PLAYGROUND PARK,1276,1
PLAYGROUND PARK,1100,1
PLAYGROUND PARK,447,1
PLAYGROUND PARK,1115,1
PLAYGROUND PARK,501,1
SPRAY FEATURE,501,1
PLAYGROUND PARK,389,1
SPRAY FEATURE,389,1
FOOTBALL SOCCER COMBO,1015,1
GYMNASIUM,1015,1
BASEBALL JR/SOFTBALL/T-BALL,1015,2
POOL OUTDOOR,1015,1
PLAYGROUND,1015,1
SPRAY FEATURE,1015,1
BASEBALL SR,1015,1
TENNIS COURTS,1015,2
PLAYGROUND PARK,430,1
PLAYGROUND PARK,417,1
PLAYGROUND,405,1
BASKETBALL BACKBOARDS,264,4
BASKETBALL COURTS,264,2
FOOTBALL SOCCER COMBO,264,1
BASEBALL JR/SOFTBALL/T-BALL,264,3
PLAYGROUND,264,1
BASEBALL SR,264,1
TENNIS COURTS,264,3
BASKETBALL BACKBOARDS,239,2
BASKETBALL COURTS,239,1
FOOTBALL SOCCER COMBO,239,2
BASEBALL JR/SOFTBALL/T-BALL,239,4
PLAYGROUND,239,1
SPRAY FEATURE,239,1
BASEBALL SR,239,1
BASKETBALL BACKBOARDS,232,2
BASKETBALL COURTS,232,1
PLAYGROUND,232,1
PLAYGROUND PARK,388,1
BASKETBALL BACKBOARDS,106,4
BASKETBALL COURTS,106,1
FOOTBALL SOCCER COMBO,106,1
CULTURAL CENTER,106,1
DOG-FRIENDLY,106,1
FITNESS CENTER,106,1
GYMNASIUM,106,2
BASEBALL JR/SOFTBALL/T-BALL,106,2
POOL OUTDOOR,106,1
PLAYGROUND,106,1
BASEBALL SR,106,2
TENNIS COURTS,106,2
BOXING CENTER,106,1
PLAYGROUND PARK,1133,1
PLAYGROUND PARK,449,1
BASKETBALL BACKBOARDS,1042,2
BASKETBALL COURTS,1042,1
FOOTBALL SOCCER COMBO,1042,1
COMMUNITY GARDEN,1042,1
BASEBALL JR/SOFTBALL/T-BALL,1042,2
PLAYGROUND,1042,1
SPRAY FEATURE,1042,1
BASKETBALL COURTS,121,1
FOOTBALL SOCCER COMBO,121,1
BASEBALL JR/SOFTBALL/T-BALL,121,2
PLAYGROUND,121,1
SPRAY FEATURE,121,1
TENNIS COURTS,121,2
VOLLEYBALL SAND,121,1
PLAYGROUND PARK,1135,1
SPRAY FEATURE,1135,1
PLAYGROUND PARK,1161,1
PLAYGROUND,316,1
BASKETBALL BACKBOARDS,290,4
BASKETBALL COURTS,290,1
PLAYGROUND,290,1
PLAYGROUND PARK,381,1
ARTIFICIAL TURF FIELDS,120,1
BASKETBALL BACKBOARDS,120,2
BASKETBALL COURTS,120,1
FOOTBALL SOCCER COMBO,120,1
GYMNASIUM,120,1
POOL INDOOR,120,1
BASEBALL JR/SOFTBALL/T-BALL,120,4
PLAYGROUND,120,1
SPRAY FEATURE,120,1
TENNIS COURTS,120,1
DOG-FRIENDLY,425,1
ARTIFICIAL TURF FIELDS,126,1
BASKETBALL BACKBOARDS,126,2
BASKETBALL COURTS,126,1
FOOTBALL SOCCER COMBO,126,1
FITNESS CENTER,126,1
GYMNASIUM,126,1
BASEBALL JR/SOFTBALL/T-BALL,126,2
PLAYGROUND,126,1
VOLLEYBALL,126,1
SPRAY FEATURE,126,1
TENNIS COURTS,126,2
PLAYGROUND PARK,1168,1
BASEBALL JR/SOFTBALL/T-BALL,1270,1
PLAYGROUND,1270,1
TENNIS COURTS,1270,2
BASKETBALL BACKBOARDS,1074,8
BASKETBALL COURTS,1074,2
FOOTBALL SOCCER COMBO,1074,1
BASEBALL JR/SOFTBALL/T-BALL,1074,1
POOL OUTDOOR,1074,1
PLAYGROUND,1074,1
VOLLEYBALL,1074,1
TRACK,1074,1
PLAYGROUND PARK,1143,1
FOOTBALL SOCCER COMBO,131,1
BASEBALL JR/SOFTBALL/T-BALL,131,2
PLAYGROUND,131,1
SPORT ROLLER COURTS,131,1
SPRAY FEATURE,131,1
TENNIS COURTS,131,2
ARTIFICIAL TURF FIELDS,123,1
CASTING AREA,123,1
FOOTBALL SOCCER COMBO,123,2
GYMNASIUM,123,1
ICE SKATING,123,1
POOL OUTDOOR,123,1
PLAYGROUND,123,2
BASEBALL SR,123,2
TENNIS COURTS,123,10
TRACK,123,1
WATER PLAYGROUND,123,1
LAGOON,123,1
PLAYGROUND PARK,1148,1
FOOTBALL SOCCER COMBO,1032,1
FITNESS CENTER,1032,1
GYMNASIUM,1032,1
BASEBALL JR/SOFTBALL/T-BALL,1032,1
PLAYGROUND,1032,1
SPRAY FEATURE,1032,1
BASKETBALL BACKBOARDS,1017,1
BASKETBALL COURTS,1017,1
COMMUNITY GARDEN,1017,1
GYMNASIUM,1017,1
BASEBALL JR/SOFTBALL/T-BALL,1017,1
PLAYGROUND,1017,1
SHUFFLEBOARD,455,1
BASKETBALL COURTS,122,1
FOOTBALL SOCCER COMBO,122,1
GYMNASIUM,122,1
POOL INDOOR,122,1
BASEBALL JR/SOFTBALL/T-BALL,122,3
PLAYGROUND,122,1
SHUFFLEBOARD,122,1
SPRAY FEATURE,122,1
TENNIS COURTS,122,5
GYMNASIUM,203,2
POOL OUTDOOR,203,1
PLAYGROUND,203,1
SPRAY FEATURE,203,1
BASEBALL SR,203,1
BASKETBALL COURTS,1277,1
PLAYGROUND PARK,1277,1
BASKETBALL BACKBOARDS,125,2
BASKETBALL COURTS,125,1
FOOTBALL SOCCER COMBO,125,1
BASEBALL JR/SOFTBALL/T-BALL,125,1
PLAYGROUND,125,1
SPRAY FEATURE,125,1
BASEBALL SR,125,1
VOLLEYBALL SAND,125,1
BASKETBALL BACKBOARDS,423,4
BASKETBALL COURTS,423,1
FOOTBALL SOCCER COMBO,423,1
GARDEN,423,1
BASEBALL JR/SOFTBALL/T-BALL,423,2
PLAYGROUND,423,1
BASEBALL SR,423,1
TENNIS COURTS,423,4
VOLLEYBALL SAND,423,1
BASKETBALL BACKBOARDS,128,4
BASKETBALL COURTS,128,2
FOOTBALL SOCCER COMBO,128,1
FITNESS CENTER,128,1
GYMNASIUM,128,1
BASEBALL JR/SOFTBALL/T-BALL,128,2
PLAYGROUND,128,1
PLAYGROUND PARK,1280,1
PLAYGROUND PARK,1283,1
PLAYGROUND,1019,1
WATER PLAYGROUND,1019,1
BASKETBALL BACKBOARDS,27,14
BASKETBALL COURTS,27,5
BEACH,27,2
BOAT LAUNCH (MOTORIZED),27,1
BOAT SLIPS,27,1
BASEBALL JR/SOFTBALL/T-BALL,27,1
PLAYGROUND,27,5
SKATE PARK,27,1
BASEBALL SR,27,1
ARTIFICIAL TURF FIELDS,219,1
BASKETBALL BACKBOARDS,219,8
BASKETBALL COURTS,219,3
BEACH,219,1
CASTING AREA,219,1
FITNESS CENTER,219,1
GARDEN,219,2
GYMNASIUM,219,1
BASEBALL JR/SOFTBALL/T-BALL,219,16
POOL OUTDOOR,219,1
PLAYGROUND,219,4
VOLLEYBALL,219,1
SPRAY FEATURE,219,2
BASEBALL SR,219,1
TENNIS COURTS,219,8
WATER SLIDE,219,1
WETLAND AREA,219,1
LAGOON,219,1
BASKETBALL BACKBOARDS,504,4
BASKETBALL COURTS,504,2
BASEBALL JR/SOFTBALL/T-BALL,504,2
PLAYGROUND,504,1
TENNIS COURTS,504,2
TRACK,504,1
BASKETBALL BACKBOARDS,108,10
BASKETBALL COURTS,108,5
GYMNASIUM,108,1
BASEBALL JR/SOFTBALL/T-BALL,108,1
PLAYGROUND,108,1
SPRAY FEATURE,108,1
BASEBALL SR,108,1
PLAYGROUND,1113,1
BASEBALL JR/SOFTBALL/T-BALL,528,1
BASEBALL SR,528,2
PLAYGROUND,293,1
SPRAY FEATURE,293,1
PLAYGROUND PARK,520,1
BASKETBALL BACKBOARDS,22,2
BASKETBALL COURTS,22,1
FOOTBALL SOCCER COMBO,22,3
FITNESS CENTER,22,1
GYMNASIUM,22,2
HANDBALL,22,2
BASEBALL JR/SOFTBALL/T-BALL,22,3
POOL OUTDOOR,22,1
PLAYGROUND,22,1
SPRAY FEATURE,22,1
BASEBALL SR,22,2
TENNIS COURTS,22,8
TRACK,22,1
VOLLEYBALL SAND,22,1
BASKETBALL BACKBOARDS,274,4
BASKETBALL COURTS,274,2
FOOTBALL SOCCER COMBO,274,2
BASEBALL JR/SOFTBALL/T-BALL,274,2
PLAYGROUND,274,4
SPORT ROLLER COURTS,274,1
TENNIS COURTS,274,2
ALFRED CALDWELL LILY POND,100,1
ARCHERY RANGE,100,1
ARTIFICIAL TURF FIELDS,100,4
BASKETBALL BACKBOARDS,100,6
BASKETBALL COURTS,100,2
BEACH,100,6
BOAT LAUNCH (MOTORIZED),100,1
BOAT LAUNCH (NON-MOTORIZED),100,1
BOAT SLIPS,100,3
CASTING AREA,100,1
CHESS PAVILLION,100,1
FOOTBALL SOCCER COMBO,100,8
CONSERVATORY,100,1
DOG-FRIENDLY,100,3
FITNESS CENTER,100,1
GARDEN,100,1
GOLF COURSE,100,1
GOLF DRIVING RANGE,100,1
GOLF PUTTING GREENS,100,1
GYMNASIUM,100,1
BASEBALL JR/SOFTBALL/T-BALL,100,15
PLAYGROUND,100,10
ROWING CLUB,100,1
SKATE PARK,100,1
SPORT ROLLER COURTS,100,1
SPRAY FEATURE,100,1
TENNIS COURTS,100,30
LAGOON,100,3
FOOTBALL SOCCER COMBO,443,1
PLAYGROUND,443,1
BASKETBALL BACKBOARDS,1024,2
BASKETBALL COURTS,1024,1
FOOTBALL SOCCER COMBO,1024,1
HORSESHOE COURTS,1024,3
BASEBALL JR/SOFTBALL/T-BALL,1024,1
PLAYGROUND,1024,1
SPRAY FEATURE,1024,1
BASKETBALL BACKBOARDS,41,2
BASKETBALL COURTS,41,1
FOOTBALL SOCCER COMBO,41,1
COMMUNITY GARDEN,41,1
CULTURAL CENTER,41,1
GYMNASIUM,41,1
BASEBALL JR/SOFTBALL/T-BALL,41,1
PLAYGROUND,41,1
SPRAY FEATURE,41,1
BASEBALL SR,41,1
TENNIS COURTS,41,5
WETLAND AREA,41,1
PLAYGROUND,1225,1
SPRAY FEATURE,1225,1
CASTING AREA,531,1
FOOTBALL SOCCER COMBO,531,1
WETLAND AREA,531,1
LAGOON,531,1
ARTIFICIAL TURF FIELDS,11,1
BASKETBALL BACKBOARDS,11,4
BASKETBALL COURTS,11,1
BEACH,11,2
BOAT SLIPS,11,90
FOOTBALL SOCCER COMBO,11,4
FITNESS CENTER,11,1
GYMNASIUM,11,1
GYMNASTIC CENTERS,11,1
HORSESHOE COURTS,11,1
BASEBALL JR/SOFTBALL/T-BALL,11,8
PLAYGROUND,11,1
BASEBALL SR,11,3
TENNIS COURTS,11,16
TRACK,11,1
PLAYGROUND PARK,1287,1
BASKETBALL BACKBOARDS,259,8
BASKETBALL COURTS,259,3
FOOTBALL SOCCER COMBO,259,2
BASEBALL JR/SOFTBALL/T-BALL,259,3
POOL OUTDOOR,259,1
PLAYGROUND,259,1
SENIOR CENTER,259,1
SPRAY FEATURE,259,2
BASEBALL SR,259,2
TENNIS COURTS,259,2
TRACK,259,1
VOLLEYBALL SAND,259,1
BASKETBALL BACKBOARDS,235,2
BASKETBALL COURTS,235,1
FOOTBALL SOCCER COMBO,235,1
BASEBALL JR/SOFTBALL/T-BALL,235,3
POOL OUTDOOR,235,1
PLAYGROUND,235,1
SPRAY FEATURE,235,1
BASEBALL SR,235,1
BASKETBALL BACKBOARDS,1058,2
BASKETBALL COURTS,1058,1
PLAYGROUND,1058,1
BASKETBALL BACKBOARDS,1126,4
BASKETBALL COURTS,1126,2
BASEBALL JR/SOFTBALL/T-BALL,1126,1
PLAYGROUND,1126,1
SPRAY FEATURE,1126,1
WETLAND AREA,490,1
BOCCE COURT,1067,1
FOOTBALL SOCCER COMBO,1067,1
BASEBALL JR/SOFTBALL/T-BALL,1067,4
PLAYGROUND,1067,1
SPORT ROLLER COURTS,1067,1
SPRAY FEATURE,1067,1
ARTIFICIAL TURF FIELDS,10,1
BASKETBALL BACKBOARDS,10,8
BASKETBALL COURTS,10,3
CASTING AREA,10,1
FOOTBALL SOCCER COMBO,10,13
GOLF COURSE,10,1
GOLF DRIVING RANGE,10,1
GYMNASIUM,10,2
HORSESHOE COURTS,10,3
BASEBALL JR/SOFTBALL/T-BALL,10,2
PLAYGROUND,10,2
SPRAY FEATURE,10,1
TENNIS COURTS,10,16
TRACK,10,1
LAGOON,10,1
BASKETBALL BACKBOARDS,216,2
BASKETBALL COURTS,216,1
FOOTBALL SOCCER COMBO,216,2
GYMNASIUM,216,1
BASEBALL JR/SOFTBALL/T-BALL,216,1
POOL OUTDOOR,216,1
PLAYGROUND,216,2
SPRAY FEATURE,216,1
VOLLEYBALL SAND,216,1
PLAYGROUND,1218,1
BASKETBALL BACKBOARDS,307,8
BASKETBALL COURTS,307,2
FOOTBALL SOCCER COMBO,307,1
BASEBALL JR/SOFTBALL/T-BALL,307,2
PLAYGROUND,307,1
VOLLEYBALL,307,1
BASEBALL SR,307,2
TENNIS COURTS,307,2
BASKETBALL BACKBOARDS,1001,10
BASKETBALL COURTS,1001,4
BEACH,1001,1
FOOTBALL SOCCER COMBO,1001,1
FITNESS CENTER,1001,1
GYMNASIUM,1001,1
HANDBALL,1001,3
BASEBALL JR/SOFTBALL/T-BALL,1001,3
PLAYGROUND,1001,1
BASEBALL SR,1001,1
TENNIS COURTS,1001,12
BASKETBALL BACKBOARDS,21,20
BASKETBALL COURTS,21,10
CASTING AREA,21,1
FOOTBALL SOCCER COMBO,21,3
FITNESS CENTER,21,1
GYMNASIUM,21,1
POOL INDOOR,21,1
BASEBALL JR/SOFTBALL/T-BALL,21,13
POOL OUTDOOR,21,1
PLAYGROUND,21,4
SPRAY FEATURE,21,1
BASEBALL SR,21,4
TENNIS COURTS,21,10
WATER SLIDE,21,1
LAGOON,21,1
CRICKET FIELD,21,4
PLAYGROUND,494,1
SPRAY FEATURE,494,1
TENNIS COURTS,494,8
MODEL YACHT BASIN,494,1
PLAYGROUND PARK,519,1
PLAYGROUND,522,1
FITNESS CENTER,524,1
GYMNASIUM,524,1
POOL INDOOR,524,1
PLAYGROUND,524,1
GYMNASIUM,277,1
BASEBALL JR/SOFTBALL/T-BALL,277,1
PLAYGROUND,277,2
TENNIS COURTS,277,2
ARTIFICIAL TURF FIELDS,186,1
BASKETBALL BACKBOARDS,186,2
BASKETBALL COURTS,186,1
FOOTBALL SOCCER COMBO,186,1
DOG-FRIENDLY,186,1
GYMNASIUM,186,1
BASEBALL JR/SOFTBALL/T-BALL,186,1
POOL OUTDOOR,186,1
PLAYGROUND,186,2
VOLLEYBALL,186,1
BASEBALL SR,186,1
TENNIS COURTS,186,5
TRACK,186,1
WATER PLAYGROUND,186,1
PLAYGROUND,275,1
BOAT LAUNCH (NON-MOTORIZED),526,1
SKATE PARK,549,1
BEACH,1262,1
TENNIS COURTS,1262,2
COMMUNITY GARDEN,306,1
BEACH,1253,1
BEACH,1256,1
PLAYGROUND,1256,1
BASKETBALL BACKBOARDS,166,4
BASKETBALL COURTS,166,2
FOOTBALL SOCCER COMBO,166,1
FITNESS CENTER,166,1
GYMNASIUM,166,1
BASEBALL JR/SOFTBALL/T-BALL,166,2
PLAYGROUND,166,1
SPRAY FEATURE,166,1
BASEBALL SR,166,1
TENNIS COURTS,166,2
BEACH,1257,1
FOOTBALL SOCCER COMBO,246,1
FITNESS CENTER,246,1
GYMNASIUM,246,1
BASEBALL JR/SOFTBALL/T-BALL,246,3
PLAYGROUND,246,1
TENNIS COURTS,246,2
FOOTBALL SOCCER COMBO,240,3
BASEBALL JR/SOFTBALL/T-BALL,240,4
PLAYGROUND,240,1
BASEBALL SR,240,2
TENNIS COURTS,240,4
BEACH,1013,1
BOAT LAUNCH (NON-MOTORIZED),1013,1
GYMNASIUM,1013,1
PLAYGROUND,1013,1
BASKETBALL BACKBOARDS,115,2
BASKETBALL COURTS,115,1
BEACH,115,1
FOOTBALL SOCCER COMBO,115,1
COMMUNITY GARDEN,115,1
GYMNASIUM,115,1
BASEBALL JR/SOFTBALL/T-BALL,115,1
PLAYGROUND,115,1
SHUFFLEBOARD,115,3
BASEBALL SR,115,1
TENNIS COURTS,115,4
BOXING CENTER,115,1
COMMUNITY GARDEN,384,1
PLAYGROUND PARK,384,1
COMMUNITY GARDEN,165,1
CULTURAL CENTER,165,1
ZOO,165,1
PLAYGROUND,165,1
VOLLEYBALL,165,1
SPRAY FEATURE,165,1
TENNIS COURTS,165,4
LAGOON,165,1
FOOTBALL SOCCER COMBO,61,1
FITNESS CENTER,61,1
GYMNASIUM,61,1
HORSESHOE COURTS,61,3
BASEBALL JR/SOFTBALL/T-BALL,61,2
PLAYGROUND,61,1
SPRAY FEATURE,61,1
TENNIS COURTS,61,2
BASKETBALL BACKBOARDS,1057,2
BASKETBALL COURTS,1057,2
PLAYGROUND,1057,1
VOLLEYBALL SAND,1057,1
COMMUNITY GARDEN,1123,1
PLAYGROUND PARK,1123,1
BASKETBALL COURTS,273,2
PLAYGROUND,273,1
TENNIS COURTS,273,2
BASKETBALL BACKBOARDS,257,4
BASKETBALL COURTS,257,1
FOOTBALL SOCCER COMBO,257,1
GYMNASIUM,257,1
BASEBALL JR/SOFTBALL/T-BALL,257,3
PLAYGROUND,257,1
SPRAY FEATURE,257,1
BASEBALL SR,257,1
TENNIS COURTS,257,2
GARDEN,168,1
PLAYGROUND,168,1
BEACH,1251,1
PLAYGROUND PARK,450,1
BASKETBALL BACKBOARDS,167,2
BASKETBALL COURTS,167,2
PLAYGROUND,167,1
SPRAY FEATURE,167,1
PLAYGROUND,62,1
MODEL TRAIN DISPLAY,62,1
BEACH,1248,1
PLAYGROUND,1248,1
PLAYGROUND PARK,1077,1
PLAYGROUND,57,1
BASKETBALL BACKBOARDS,335,4
BASKETBALL COURTS,335,2
FOOTBALL SOCCER COMBO,335,1
BASEBALL JR/SOFTBALL/T-BALL,335,3
PLAYGROUND,335,1
BASEBALL SR,335,1
BASKETBALL BACKBOARDS,1212,2
BASKETBALL COURTS,1212,1
PLAYGROUND,1212,1
BASKETBALL BACKBOARDS,60,4
BASKETBALL COURTS,60,1
FOOTBALL SOCCER COMBO,60,1
GYMNASIUM,60,1
BASEBALL JR/SOFTBALL/T-BALL,60,2
PLAYGROUND,60,1
SPRAY FEATURE,60,1
BASEBALL SR,60,1
TENNIS COURTS,60,3
BASKETBALL BACKBOARDS,140,4
BASKETBALL COURTS,140,1
PLAYGROUND,140,1
SPRAY FEATURE,140,1
PLAYGROUND PARK,390,1
COMMUNITY GARDEN,1255,1
CULTURAL CENTER,1255,1
GALLERY,1255,1
PLAYGROUND,1255,1
BASKETBALL BACKBOARDS,104,2
BASKETBALL COURTS,104,1
PLAYGROUND,104,1
SPRAY FEATURE,104,1
TENNIS COURTS,104,2
PLAYGROUND PARK,1090,1
BASKETBALL BACKBOARDS,1038,4
BASKETBALL COURTS,1038,1
BASEBALL JR/SOFTBALL/T-BALL,1038,1
PLAYGROUND,1038,1
SPRAY FEATURE,1038,1
BASKETBALL BACKBOARDS,188,2
BASKETBALL COURTS,188,1
GYMNASIUM,188,1
BASEBALL JR/SOFTBALL/T-BALL,188,2
PLAYGROUND,188,1
SPRAY FEATURE,188,1
TENNIS COURTS,188,1
PLAYGROUND PARK,366,1
BEACH,1265,2
PLAYGROUND,1265,1
BASKETBALL BACKBOARDS,241,4
BASKETBALL COURTS,241,2
FOOTBALL SOCCER COMBO,241,2
HORSESHOE COURTS,241,4
BASEBALL JR/SOFTBALL/T-BALL,241,4
PLAYGROUND,241,1
BASEBALL SR,241,1
TENNIS COURTS,241,6
FITNESS CENTER,462,1
GYMNASIUM,462,1
GYMNASTIC CENTERS,462,1
BASKETBALL BACKBOARDS,75,2
BASKETBALL COURTS,75,1
FOOTBALL SOCCER COMBO,75,1
BASEBALL JR/SOFTBALL/T-BALL,75,2
PLAYGROUND,75,1
SPRAY FEATURE,75,1
TENNIS COURTS,75,1
BASKETBALL BACKBOARDS,452,6
BASKETBALL COURTS,452,2
FOOTBALL SOCCER COMBO,452,2
FITNESS CENTER,452,1
GYMNASIUM,452,1
GYMNASTIC CENTERS,452,1
BASEBALL JR/SOFTBALL/T-BALL,452,2
PLAYGROUND,452,2
TENNIS COURTS,452,4
BASKETBALL BACKBOARDS,195,2
BASKETBALL COURTS,195,1
FOOTBALL SOCCER COMBO,195,1
GYMNASIUM,195,1
BASEBALL JR/SOFTBALL/T-BALL,195,2
PLAYGROUND,195,1
TENNIS COURTS,195,4
BASKETBALL BACKBOARDS,141,3
BASKETBALL COURTS,141,1
FOOTBALL SOCCER COMBO,141,1
FITNESS CENTER,141,1
GYMNASIUM,141,1
BASEBALL JR/SOFTBALL/T-BALL,141,3
POOL OUTDOOR,141,1
PLAYGROUND,141,1
SENIOR CENTER,141,1
SPORT ROLLER COURTS,141,1
BASEBALL SR,141,1
TENNIS COURTS,141,4
TRACK,141,1
WATER SLIDE,141,1
PLAYGROUND PARK,1141,1
PLAYGROUND PARK,420,1
BASKETBALL BACKBOARDS,80,2
BASKETBALL COURTS,80,1
BASEBALL JR/SOFTBALL/T-BALL,80,3
PLAYGROUND,80,1
SPRAY FEATURE,80,1
TENNIS COURTS,80,2
PLAYGROUND PARK,1219,1
BASKETBALL BACKBOARDS,59,3
BASKETBALL COURTS,59,1
FOOTBALL SOCCER COMBO,59,2
GYMNASIUM,59,1
BASEBALL JR/SOFTBALL/T-BALL,59,3
PLAYGROUND,59,2
SPRAY FEATURE,59,1
BASEBALL SR,59,4
TENNIS COURTS,59,3
PLAYGROUND PARK,435,1
BASKETBALL BACKBOARDS,93,4
BASKETBALL COURTS,93,1
BASEBALL JR/SOFTBALL/T-BALL,93,1
PLAYGROUND,93,1
SPRAY FEATURE,93,1
PLAYGROUND PARK,1279,1
SPRAY FEATURE,1279,1
PLAYGROUND,472,1
PLAYGROUND PARK,70,1
PLAYGROUND PARK,1078,1
PLAYGROUND PARK,1151,1
BASEBALL JR/SOFTBALL/T-BALL,285,2
PLAYGROUND,285,1
PLAYGROUND PARK,1085,1
FOOTBALL SOCCER COMBO,486,1
BASEBALL JR/SOFTBALL/T-BALL,486,4
PLAYGROUND,486,1
BASEBALL SR,486,1
TENNIS COURTS,486,2
BASKETBALL BACKBOARDS,40,2
BASKETBALL COURTS,40,1
CASTING AREA,40,1
FOOTBALL SOCCER COMBO,40,1
GYMNASIUM,40,1
BASEBALL JR/SOFTBALL/T-BALL,40,3
POOL OUTDOOR,40,1
PLAYGROUND,40,1
SPORT ROLLER COURTS,40,1
SPRAY FEATURE,40,1
TENNIS COURTS,40,5
WETLAND AREA,40,1
LAGOON,40,1
PLAYGROUND PARK,90,1
PLAYGROUND,385,1
ARTIFICIAL TURF FIELDS,42,1
PLAYGROUND,95,1
SPRAY FEATURE,95,1
PLAYGROUND PARK,299,1
BASKETBALL BACKBOARDS,1031,4
BASKETBALL COURTS,1031,1
FOOTBALL SOCCER COMBO,1031,1
PLAYGROUND,1031,1
PLAYGROUND PARK,402,1
GYMNASIUM,94,1
BASEBALL JR/SOFTBALL/T-BALL,94,1
POOL OUTDOOR,94,1
PLAYGROUND,94,1
SPRAY FEATURE,94,1
BASEBALL SR,94,1
TENNIS COURTS,94,3
VOLLEYBALL SAND,94,1
PLAYGROUND PARK,427,1
FOOTBALL SOCCER COMBO,103,1
COMMUNITY GARDEN,103,1
FITNESS CENTER,103,1
GYMNASIUM,103,1
BASEBALL JR/SOFTBALL/T-BALL,103,2
POOL OUTDOOR,103,1
PLAYGROUND,103,1
TENNIS COURTS,103,4
TRACK,103,1
PLAYGROUND,1119,1
PLAYGROUND PARK,348,1
PLAYGROUND PARK,343,1
PLAYGROUND PARK,156,1
PLAYGROUND PARK,424,1
BASKETBALL BACKBOARDS,500,2
BASKETBALL COURTS,500,1
PLAYGROUND,500,1
PLAYGROUND PARK,1128,1
PLAYGROUND,496,1
PLAYGROUND,361,1
SPRAY FEATURE,361,1
PLAYGROUND,466,1
TENNIS COURTS,466,3
FOOTBALL SOCCER COMBO,1052,1
BASEBALL JR/SOFTBALL/T-BALL,1052,2
PLAYGROUND,1052,1
VOLLEYBALL,1052,1
SPRAY FEATURE,1052,1
TENNIS COURTS,1052,2
TRACK,1052,1
BOAT LAUNCH (MOTORIZED),530,1
BASKETBALL BACKBOARDS,360,2
BASKETBALL COURTS,360,1
BASKETBALL BACKBOARDS,1043,4
BASKETBALL COURTS,1043,2
FITNESS CENTER,1043,1
GYMNASIUM,1043,1
BASEBALL JR/SOFTBALL/T-BALL,1043,1
PLAYGROUND,1043,1
DOG-FRIENDLY,511,1
PLAYGROUND,511,1
BASKETBALL BACKBOARDS,278,4
BASKETBALL COURTS,278,2
PLAYGROUND,278,1
BASKETBALL BACKBOARDS,408,4
BASKETBALL COURTS,408,1
FOOTBALL SOCCER COMBO,408,3
GYMNASIUM,408,1
POOL INDOOR,408,1
BASEBALL JR/SOFTBALL/T-BALL,408,3
BASEBALL SR,408,1
TENNIS COURTS,408,5
VOLLEYBALL SAND,408,1
BASKETBALL BACKBOARDS,233,2
BASKETBALL COURTS,233,1
FOOTBALL SOCCER COMBO,233,1
GYMNASIUM,233,1
HORSESHOE COURTS,233,4
BASEBALL JR/SOFTBALL/T-BALL,233,4
PLAYGROUND,233,1
SPRAY FEATURE,233,1
BASEBALL SR,233,1
TENNIS COURTS,233,2
VOLLEYBALL SAND,233,1
ARTIFICIAL TURF FIELDS,5,1
BASKETBALL BACKBOARDS,5,4
BASKETBALL COURTS,5,2
FOOTBALL SOCCER COMBO,5,1
GYMNASIUM,5,1
BASEBALL JR/SOFTBALL/T-BALL,5,2
POOL OUTDOOR,5,1
PLAYGROUND,5,1
SPRAY FEATURE,5,1
TENNIS COURTS,5,3
PLAYGROUND,1274,1
PLAYGROUND,1055,1
SPRAY FEATURE,1055,1
BASKETBALL BACKBOARDS,1044,2
BASKETBALL COURTS,1044,1
FOOTBALL SOCCER COMBO,1044,1
BASEBALL JR/SOFTBALL/T-BALL,1044,1
PLAYGROUND,1044,1
SPRAY FEATURE,1044,1
BASEBALL SR,1044,1
BASKETBALL BACKBOARDS,7,4
BASKETBALL COURTS,7,2
CASTING AREA,7,1
FOOTBALL SOCCER COMBO,7,3
FITNESS CENTER,7,1
GYMNASIUM,7,1
HANDBALL,7,2
BASEBALL JR/SOFTBALL/T-BALL,7,3
POOL OUTDOOR,7,1
PLAYGROUND,7,3
SPRAY FEATURE,7,1
BASEBALL SR,7,2
TENNIS COURTS,7,2
TRACK,7,1
VOLLEYBALL SAND,7,1
LAGOON,7,1
PLAYGROUND,280,1
PLAYGROUND PARK,1272,1
BASEBALL JR/SOFTBALL/T-BALL,370,1
PLAYGROUND,370,1
VOLLEYBALL,370,1
SPRAY FEATURE,370,1
BASKETBALL BACKBOARDS,1054,2
BASKETBALL COURTS,1054,1
FOOTBALL SOCCER COMBO,1054,1
BASEBALL JR/SOFTBALL/T-BALL,1054,1
PLAYGROUND,1054,1
VOLLEYBALL SAND,1054,1
PLAYGROUND PARK,544,1
DOG-FRIENDLY,551,1
PLAYGROUND,551,1
GARDEN,550,1
PLAYGROUND,534,1
SPRAY FEATURE,534,1
FOOTBALL SOCCER COMBO,510,1
BASEBALL SR,510,2
BASKETBALL BACKBOARDS,82,2
BASKETBALL COURTS,82,1
FOOTBALL SOCCER COMBO,82,1
GYMNASIUM,82,1
BASEBALL JR/SOFTBALL/T-BALL,82,1
PLAYGROUND,82,1
SPRAY FEATURE,82,1
FITNESS CENTER,258,1
GYMNASIUM,258,1
BASEBALL JR/SOFTBALL/T-BALL,258,5
PLAYGROUND,258,1
SPRAY FEATURE,258,1
BASEBALL SR,258,1
TENNIS COURTS,258,2
PLAYGROUND,159,1
BASKETBALL BACKBOARDS,1002,2
BASKETBALL COURTS,1002,1
BOCCE COURT,1002,1
FOOTBALL SOCCER COMBO,1002,1
FITNESS CENTER,1002,1
GYMNASIUM,1002,1
BASEBALL JR/SOFTBALL/T-BALL,1002,3
PLAYGROUND,1002,1
SPRAY FEATURE,1002,1
BASEBALL SR,1002,1
TENNIS COURTS,1002,2
BASKETBALL BACKBOARDS,145,4
BASKETBALL COURTS,145,1
FOOTBALL SOCCER COMBO,145,1
BASEBALL JR/SOFTBALL/T-BALL,145,2
PLAYGROUND,145,1
VOLLEYBALL,145,1
TENNIS COURTS,145,4
WATER PLAYGROUND,145,1
BASKETBALL BACKBOARDS,86,4
BASKETBALL COURTS,86,1
FOOTBALL SOCCER COMBO,86,1
BASEBALL JR/SOFTBALL/T-BALL,86,2
PLAYGROUND,86,1
SPRAY FEATURE,86,1
FOOTBALL SOCCER COMBO,110,1
FITNESS CENTER,110,1
GYMNASIUM,110,1
HORSESHOE COURTS,110,10
POOL INDOOR,110,1
BASEBALL JR/SOFTBALL/T-BALL,110,6
PLAYGROUND,110,1
VOLLEYBALL,110,1
TENNIS COURTS,110,3
BASKETBALL BACKBOARDS,487,2
BASKETBALL COURTS,487,1
PLAYGROUND,487,1
SPRAY FEATURE,487,1
BASEBALL JR/SOFTBALL/T-BALL,368,1
BASEBALL SR,368,1
FOOTBALL SOCCER COMBO,175,1
FITNESS CENTER,175,1
GALLERY,175,1
GYMNASIUM,175,1
POOL INDOOR,175,1
BASEBALL JR/SOFTBALL/T-BALL,175,3
PLAYGROUND,175,1
TENNIS COURTS,175,2
BASKETBALL BACKBOARDS,1122,2
BASKETBALL COURTS,1122,1
PLAYGROUND,1122,1
PLAYGROUND,178,1
ARTIFICIAL TURF FIELDS,244,1
BASKETBALL BACKBOARDS,244,6
BASKETBALL COURTS,244,3
FOOTBALL SOCCER COMBO,244,2
BASEBALL JR/SOFTBALL/T-BALL,244,4
PLAYGROUND,244,1
BASEBALL SR,244,1
BASKETBALL BACKBOARDS,272,4
BASKETBALL COURTS,272,2
BASEBALL JR/SOFTBALL/T-BALL,272,2
PLAYGROUND,272,1
FOOTBALL SOCCER COMBO,254,1
BASEBALL JR/SOFTBALL/T-BALL,254,4
PLAYGROUND,254,1
VOLLEYBALL,254,1
SPRAY FEATURE,254,1
BASEBALL SR,254,1
TENNIS COURTS,254,4
VOLLEYBALL SAND,254,1
FOOTBALL SOCCER COMBO,179,1
BASEBALL JR/SOFTBALL/T-BALL,179,2
PLAYGROUND,179,1
TENNIS COURTS,179,3
WATER PLAYGROUND,179,1
BASKETBALL BACKBOARDS,16,4
BASKETBALL COURTS,16,1
FOOTBALL SOCCER COMBO,16,1
FITNESS CENTER,16,1
GYMNASIUM,16,2
BASEBALL JR/SOFTBALL/T-BALL,16,3
POOL OUTDOOR,16,1
PLAYGROUND,16,1
SPORT ROLLER COURTS,16,1
SPRAY FEATURE,16,1
BASEBALL SR,16,1
TENNIS COURTS,16,2
TRACK,16,1
BASKETBALL BACKBOARDS,65,4
BASKETBALL COURTS,65,2
FOOTBALL SOCCER COMBO,65,1
FITNESS CENTER,65,1
GYMNASIUM,65,1
POOL INDOOR,65,1
BASEBALL JR/SOFTBALL/T-BALL,65,1
PLAYGROUND,65,1
SPRAY FEATURE,65,1
BASEBALL SR,65,1
TENNIS COURTS,65,4
PLAYGROUND,1205,1
PLAYGROUND PARK,1079,1
SPRAY FEATURE,1079,1
PLAYGROUND,554,1
PLAYGROUND PARK,354,1
BASEBALL BATTING CAGES,428,1
BASKETBALL BACKBOARDS,428,12
BASKETBALL COURTS,428,4
FOOTBALL SOCCER COMBO,428,3
GOLF COURSE,428,1
GOLF PUTTING GREENS,428,1
GYMNASIUM,428,1
HANDBALL/RAQUETBALL COURT,428,1
HORSESHOE COURTS,428,2
ICE SKATING,428,1
BASEBALL JR/SOFTBALL/T-BALL,428,3
PLAYGROUND,428,3
SHUFFLEBOARD,428,1
SLED HILL,428,1
BASEBALL SR,428,2
TENNIS COURTS,428,6
CROQUET,428,1
BASKETBALL BACKBOARDS,91,2
BASKETBALL COURTS,91,1
FOOTBALL SOCCER COMBO,91,2
GYMNASIUM,91,1
BASEBALL JR/SOFTBALL/T-BALL,91,1
PLAYGROUND,91,1
TENNIS COURTS,91,2
BASKETBALL BACKBOARDS,148,2
BASKETBALL COURTS,148,1
FOOTBALL SOCCER COMBO,148,1
FITNESS CENTER,148,1
GYMNASIUM,148,1
GYMNASTIC CENTERS,148,1
HORSESHOE COURTS,148,2
POOL INDOOR,148,1
BASEBALL JR/SOFTBALL/T-BALL,148,4
PLAYGROUND,148,1
SPRAY FEATURE,148,1
BASEBALL SR,148,1
TENNIS COURTS,148,5
WHEELCHAIR ACCESSIBLE BALL FIELDS,189,1
BASKETBALL BACKBOARDS,189,6
BASKETBALL COURTS,189,2
FITNESS CENTER,189,1
POOL OUTDOOR,189,1
PLAYGROUND,189,1
SPRAY FEATURE,189,1
TENNIS COURTS,189,4
ARTIFICIAL TURF FIELDS,201,1
BASKETBALL BACKBOARDS,201,2
BASKETBALL COURTS,201,1
FOOTBALL SOCCER COMBO,201,1
FITNESS CENTER,201,1
GYMNASIUM,201,1
POOL INDOOR,201,1
BASEBALL JR/SOFTBALL/T-BALL,201,4
PLAYGROUND,201,2
TENNIS COURTS,201,3
TRACK,201,1
WATER PLAYGROUND,201,1
BASKETBALL BACKBOARDS,309,6
BASKETBALL COURTS,309,2
FOOTBALL SOCCER COMBO,309,1
GYMNASIUM,309,1
BASEBALL JR/SOFTBALL/T-BALL,309,2
PLAYGROUND,309,1
SPORT ROLLER COURTS,309,1
SPRAY FEATURE,309,1
VOLLEYBALL SAND,309,2
FITNESS CENTER,482,1
GYMNASIUM,482,1
POOL INDOOR,482,1
PLAYGROUND,482,1
DOG-FRIENDLY,542,1
PLAYGROUND,542,1
PLAYGROUND,365,1
PLAYGROUND,283,1
PLAYGROUND PARK,375,1
COMMUNITY GARDEN,431,1
PLAYGROUND PARK,431,1
DOG-FRIENDLY,412,1
BASEBALL JR/SOFTBALL/T-BALL,412,1
DOG-FRIENDLY,393,1
PLAYGROUND,393,1
FOOTBALL SOCCER COMBO,129,1
FITNESS CENTER,129,1
BASEBALL JR/SOFTBALL/T-BALL,129,4
PLAYGROUND,129,1
SPRAY FEATURE,129,1
BASEBALL SR,129,1
BASKETBALL BACKBOARDS,1130,2
BASKETBALL COURTS,1130,1
PLAYGROUND,1130,1
BASKETBALL BACKBOARDS,1091,2
BASKETBALL COURTS,1091,1
PLAYGROUND PARK,1091,1
BASKETBALL BACKBOARDS,132,2
BASKETBALL COURTS,132,1
BASEBALL JR/SOFTBALL/T-BALL,132,1
PLAYGROUND,132,1
VOLLEYBALL,132,1
SPRAY FEATURE,132,1
BASEBALL JR/SOFTBALL/T-BALL,1003,1
PLAYGROUND,1003,1
BASKETBALL BACKBOARDS,130,3
BASKETBALL COURTS,130,2
FOOTBALL SOCCER COMBO,130,1
BASEBALL JR/SOFTBALL/T-BALL,130,2
PLAYGROUND,130,1
SPRAY FEATURE,130,1
VOLLEYBALL SAND,130,1
BASKETBALL BACKBOARDS,1045,2
BASKETBALL COURTS,1045,1
COMMUNITY GARDEN,1045,1
BASEBALL JR/SOFTBALL/T-BALL,1045,1
PLAYGROUND,1045,1
SPRAY FEATURE,1045,1
BASKETBALL BACKBOARDS,124,2
BASKETBALL COURTS,124,1
GYMNASIUM,124,1
GYMNASTIC CENTERS,124,1
PLAYGROUND,124,1
SPRAY FEATURE,124,1
BOXING CENTER,124,1
PLAYGROUND PARK,1116,1
PLAYGROUND PARK,1093,1
BASKETBALL BACKBOARDS,214,4
BASKETBALL COURTS,214,2
CHESS PAVILLION,214,1
FOOTBALL SOCCER COMBO,214,1
COMMUNITY GARDEN,214,1
DOG-FRIENDLY,214,1
GYMNASIUM,214,1
BASEBALL JR/SOFTBALL/T-BALL,214,1
PLAYGROUND,214,1
SPRAY FEATURE,214,1
PLAYGROUND PARK,399,1
COMMUNITY GARDEN,1027,1
PLAYGROUND,1027,1
SPRAY FEATURE,1027,1
FOOTBALL SOCCER COMBO,217,1
GYMNASIUM,217,2
BASEBALL JR/SOFTBALL/T-BALL,217,1
POOL OUTDOOR,217,1
SPRAY FEATURE,217,1
WATER PLAYGROUND,217,1
BASKETBALL BACKBOARDS,109,6
BASKETBALL COURTS,109,3
FOOTBALL SOCCER COMBO,109,1
GYMNASIUM,109,1
BASEBALL JR/SOFTBALL/T-BALL,109,1
PLAYGROUND,109,1
SPRAY FEATURE,109,1
BASEBALL SR,109,1
PLAYGROUND PARK,105,1
BASKETBALL BACKBOARDS,406,2
BASKETBALL COURTS,406,1
FOOTBALL SOCCER COMBO,406,1
GYMNASIUM,406,1
POOL INDOOR,406,1
BASEBALL JR/SOFTBALL/T-BALL,406,1
PLAYGROUND,406,1
BASEBALL SR,406,1
TENNIS COURTS,406,2
PLAYGROUND PARK,1106,1
BASKETBALL BACKBOARDS,308,2
BASKETBALL COURTS,308,1
PLAYGROUND,308,1
SPRAY FEATURE,308,1
BASKETBALL BACKBOARDS,1092,2
BASKETBALL COURTS,1092,1
PLAYGROUND PARK,1092,1
PLAYGROUND PARK,1103,1
BASKETBALL BACKBOARDS,1037,4
BASKETBALL COURTS,1037,2
PLAYGROUND,1037,1
PLAYGROUND,1021,1
PLAYGROUND PARK,1165,1
BASKETBALL BACKBOARDS,208,2
BASKETBALL COURTS,208,1
FOOTBALL SOCCER COMBO,208,1
COMMUNITY GARDEN,208,1
FITNESS CENTER,208,1
GYMNASIUM,208,1
POOL INDOOR,208,1
BASEBALL JR/SOFTBALL/T-BALL,208,2
PLAYGROUND,208,1
SPRAY FEATURE,208,1
BASEBALL SR,208,1
BOXING CENTER,208,1
COMMUNITY GARDEN,107,1
FITNESS CENTER,107,1
GYMNASIUM,107,1
BASEBALL JR/SOFTBALL/T-BALL,107,2
PLAYGROUND,107,1
TENNIS COURTS,107,2
TRACK,107,1
PLAYGROUND,1242,1
BASKETBALL BACKBOARDS,1006,2
BASKETBALL COURTS,1006,1
FOOTBALL SOCCER COMBO,1006,1
GYMNASIUM,1006,1
BASEBALL JR/SOFTBALL/T-BALL,1006,1
PLAYGROUND,1006,1
SPRAY FEATURE,1006,1
BASEBALL JR/SOFTBALL/T-BALL,1040,1
PLAYGROUND,1040,1
ARTIFICIAL TURF FIELDS,407,1
GYMNASIUM,407,1
TRACK,407,1
PLAYGROUND PARK,1150,1
PLAYGROUND PARK,1087,1
PLAYGROUND PARK,1155,1
BASKETBALL BACKBOARDS,249,2
BASKETBALL COURTS,249,1
FOOTBALL SOCCER COMBO,249,1
BASEBALL JR/SOFTBALL/T-BALL,249,2
PLAYGROUND,249,1
SPRAY FEATURE,249,1
BASEBALL SR,249,1
TENNIS COURTS,249,2
BASKETBALL BACKBOARDS,1138,2
BASKETBALL COURTS,1138,1
PLAYGROUND PARK,1138,1
BASKETBALL BACKBOARDS,1139,2
BASKETBALL COURTS,1139,1
PLAYGROUND,1139,1
SPRAY FEATURE,1139,1
PLAYGROUND PARK,396,1
BASKETBALL BACKBOARDS,207,4
BASKETBALL COURTS,207,1
FITNESS CENTER,207,1
GYMNASIUM,207,1
POOL INDOOR,207,1
PLAYGROUND,207,1
BASKETBALL BACKBOARDS,1109,2
BASKETBALL COURTS,1109,1
PLAYGROUND,1109,1
BASKETBALL BACKBOARDS,1220,4
BASKETBALL COURTS,1220,1
BASEBALL JR/SOFTBALL/T-BALL,1220,1
PLAYGROUND,1220,1
SPRAY FEATURE,1220,1
BASKETBALL BACKBOARDS,1149,2
BASKETBALL COURTS,1149,1
PLAYGROUND,1149,1
SPRAY FEATURE,1149,1
PLAYGROUND,1204,1
SPRAY FEATURE,1204,1
WATER PLAYGROUND,1204,1
BASKETBALL BACKBOARDS,338,2
BASKETBALL COURTS,338,1
PLAYGROUND,338,1
PLAYGROUND PARK,416,1
BASKETBALL BACKBOARDS,211,4
BASKETBALL COURTS,211,2
FOOTBALL SOCCER COMBO,211,1
GARDEN,211,1
BASEBALL JR/SOFTBALL/T-BALL,211,2
PLAYGROUND,211,1
SPRAY FEATURE,211,1
BASKETBALL BACKBOARDS,1059,8
BASKETBALL COURTS,1059,2
TENNIS COURTS,1059,1
ARTIFICIAL TURF FIELDS,204,1
BASKETBALL BACKBOARDS,204,6
BASKETBALL COURTS,204,3
CASTING AREA,204,1
FOOTBALL SOCCER COMBO,204,3
CONSERVATORY,204,1
FITNESS CENTER,204,1
GARDEN,204,1
GYMNASIUM,204,1
BASEBALL JR/SOFTBALL/T-BALL,204,9
POOL OUTDOOR,204,1
PLAYGROUND,204,3
SPRAY FEATURE,204,2
BASEBALL SR,204,2
TENNIS COURTS,204,6
LAGOON,204,1
PLAYGROUND PARK,489,1
SPRAY FEATURE,489,1
BASKETBALL BACKBOARDS,1050,2
BASKETBALL COURTS,1050,1
FOOTBALL SOCCER COMBO,1050,1
COMMUNITY GARDEN,1050,1
BASEBALL JR/SOFTBALL/T-BALL,1050,1
PLAYGROUND,1050,1
SPRAY FEATURE,1050,1
BASKETBALL BACKBOARDS,209,6
BASKETBALL COURTS,209,3
CASTING AREA,209,1
FOOTBALL SOCCER COMBO,209,4
FITNESS CENTER,209,1
GARDEN,209,1
GOLF COURSE,209,1
GYMNASIUM,209,1
BASEBALL JR/SOFTBALL/T-BALL,209,3
POOL OUTDOOR,209,1
PLAYGROUND,209,2
SPRAY FEATURE,209,1
BASEBALL SR,209,2
TENNIS COURTS,209,6
LAGOON,209,1
BASKETBALL BACKBOARDS,1026,2
BASKETBALL COURTS,1026,1
FOOTBALL SOCCER COMBO,1026,1
BASEBALL JR/SOFTBALL/T-BALL,1026,1
POOL OUTDOOR,1026,1
PLAYGROUND,1026,1
PLAYGROUND PARK,355,1
SPRAY FEATURE,355,1
PLAYGROUND PARK,347,1
PLAYGROUND PARK,359,1
SPRAY FEATURE,359,1
BASKETBALL BACKBOARDS,1102,2
BASKETBALL COURTS,1102,1
PLAYGROUND,1102,1
SPRAY FEATURE,1102,1
BASKETBALL BACKBOARDS,1035,2
BASKETBALL COURTS,1035,1
BASEBALL JR/SOFTBALL/T-BALL,1035,1
PLAYGROUND,1035,1
SPRAY FEATURE,1035,1
PLAYGROUND,422,1
SPRAY FEATURE,422,1
BASKETBALL BACKBOARDS,206,2
BASKETBALL COURTS,206,1
FOOTBALL SOCCER COMBO,206,1
FITNESS CENTER,206,1
GYMNASIUM,206,1
BASEBALL JR/SOFTBALL/T-BALL,206,3
POOL OUTDOOR,206,1
PLAYGROUND,206,1
BASEBALL SR,206,1
PLAYGROUND,400,1
PLAYGROUND,1047,1
PLAYGROUND PARK,333,1
SPRAY FEATURE,333,1
FOOTBALL SOCCER COMBO,215,1
BOCCE COURT,205,1
FOOTBALL SOCCER COMBO,205,1
FITNESS CENTER,205,1
GYMNASIUM,205,1
HORSESHOE COURTS,205,1
POOL INDOOR,205,1
BASEBALL JR/SOFTBALL/T-BALL,205,4
PLAYGROUND,205,1
SPORT ROLLER COURTS,205,1
TENNIS COURTS,205,3
BOXING CENTER,205,1
FITNESS COURSES,465,1
PLAYGROUND PARK,344,1
SPRAY FEATURE,344,1
ARTIFICIAL TURF FIELDS,227,1
BASKETBALL BACKBOARDS,227,4
BASKETBALL COURTS,227,3
COMMUNITY GARDEN,227,1
PLAYGROUND,227,1
SPRAY FEATURE,227,1
TENNIS COURTS,227,1
BASEBALL JR/SOFTBALL/T-BALL,176,1
PLAYGROUND,176,1
TENNIS COURTS,176,3
BAND SHELL,24,1
DOG-FRIENDLY,24,1
GARDEN,24,2
ICE SKATING,24,1
BASEBALL JR/SOFTBALL/T-BALL,24,16
PLAYGROUND,24,1
VOLLEYBALL,24,2
SKATE PARK,24,1
TENNIS COURTS,24,18
GOLF COURSE MINIATURE,24,1
BASEBALL JR/SOFTBALL/T-BALL,481,1
PLAYGROUND,481,1
NATURE CENTER,533,1
FOOTBALL SOCCER COMBO,485,1
FITNESS CENTER,485,1
GYMNASIUM,485,1
PLAYGROUND,485,1
PLAYGROUND PARK,506,1
PLAYGROUND PARK,535,1
BASKETBALL BACKBOARDS,255,4
BASKETBALL COURTS,255,2
FOOTBALL SOCCER COMBO,255,2
FITNESS CENTER,255,1
GYMNASIUM,255,1
POOL INDOOR,255,1
BASEBALL JR/SOFTBALL/T-BALL,255,2
PLAYGROUND,255,2
VOLLEYBALL,255,1
BASEBALL SR,255,2
BASKETBALL BACKBOARDS,262,2
BASKETBALL COURTS,262,1
FOOTBALL SOCCER COMBO,262,2
SPRAY FEATURE,262,1
FITNESS CENTER,1030,1
GYMNASIUM,1030,1
POOL INDOOR,1030,1
PLAYGROUND,1030,2
WATER PLAYGROUND,1030,1
ARTIFICIAL TURF FIELDS,1039,1
BASKETBALL BACKBOARDS,1039,2
BASKETBALL COURTS,1039,1
PLAYGROUND,1039,1
SPRAY FEATURE,1039,1
BASKETBALL BACKBOARDS,1061,2
BASKETBALL COURTS,1061,1
FOOTBALL SOCCER COMBO,1061,1
COMMUNITY GARDEN,1061,1
PLAYGROUND,1061,1
SPRAY FEATURE,1061,1
BASKETBALL BACKBOARDS,386,8
BASKETBALL COURTS,386,2
GYMNASIUM,386,1
BASEBALL JR/SOFTBALL/T-BALL,386,2
TENNIS COURTS,386,2
BASKETBALL BACKBOARDS,1065,4
BASKETBALL COURTS,1065,2
BASEBALL JR/SOFTBALL/T-BALL,1065,1
PLAYGROUND,1065,1
SPRAY FEATURE,1065,1
FOOTBALL SOCCER COMBO,127,1
FITNESS CENTER,127,1
GARDEN,127,1
GYMNASIUM,127,1
BASEBALL JR/SOFTBALL/T-BALL,127,2
PLAYGROUND,127,1
SPORT ROLLER COURTS,127,1
SPRAY FEATURE,127,1
TENNIS COURTS,127,2
GARDEN,49,1
PLAYGROUND,1068,1
SPRAY FEATURE,1068,1
BASEBALL SR,538,2
BOAT LAUNCH (NON-MOTORIZED),457,1
FOOTBALL SOCCER COMBO,457,2
MOUNTAIN BIKE TRAIL,457,1
DOG-FRIENDLY,546,1
PLAYGROUND,546,1
BEACH,34,1
PLAYGROUND,479,1
PLAYGROUND PARK,1114,1
BASKETBALL BACKBOARDS,1127,2
BASKETBALL COURTS,1127,1
PLAYGROUND PARK,1127,1
PLAYGROUND,480,1
BASKETBALL BACKBOARDS,202,6
BASKETBALL COURTS,202,3
FOOTBALL SOCCER COMBO,202,1
GYMNASIUM,202,1
BASEBALL JR/SOFTBALL/T-BALL,202,3
POOL OUTDOOR,202,1
PLAYGROUND,202,1
BASEBALL SR,202,1
VOLLEYBALL SAND,202,1
WATER PLAYGROUND,202,1
PLAYGROUND PARK,353,1
SPRAY FEATURE,353,1
BASKETBALL BACKBOARDS,1089,1
BASKETBALL COURTS,1089,1
PLAYGROUND PARK,1089,1
BASKETBALL BACKBOARDS,1159,2
BASKETBALL COURTS,1159,1
PLAYGROUND,1159,1
SPRAY FEATURE,1159,1
BASKETBALL BACKBOARDS,213,4
BASKETBALL COURTS,213,2
FOOTBALL SOCCER COMBO,213,1
FITNESS CENTER,213,1
GYMNASIUM,213,2
GYMNASTIC CENTERS,213,1
HORSESHOE COURTS,213,3
POOL INDOOR,213,1
BASEBALL JR/SOFTBALL/T-BALL,213,4
PLAYGROUND,213,1
BASEBALL SR,213,2
TENNIS COURTS,213,4
BOXING CENTER,213,1
PLAYGROUND PARK,1120,1
BASKETBALL BACKBOARDS,352,4
BASKETBALL COURTS,352,1
BASKETBALL BACKBOARDS,1022,2
BASKETBALL COURTS,1022,1
PLAYGROUND,1022,1
PLAYGROUND PARK,1108,1
BASKETBALL BACKBOARDS,212,3
BASKETBALL COURTS,212,1
GYMNASIUM,212,1
PLAYGROUND,212,1
SPRAY FEATURE,212,1
PLAYGROUND,451,1
PLAYGROUND PARK,1066,1
SPRAY FEATURE,1066,1
BASKETBALL BACKBOARDS,295,2
BASKETBALL COURTS,295,1
PLAYGROUND PARK,295,1
BASEBALL JR/SOFTBALL/T-BALL,1070,1
PLAYGROUND,1070,1
SPRAY FEATURE,1070,1
BASKETBALL BACKBOARDS,2,4
BASKETBALL COURTS,2,1
BOCCE COURT,2,3
FOOTBALL SOCCER COMBO,2,1
FITNESS CENTER,2,1
GYMNASIUM,2,1
HORSESHOE COURTS,2,3
POOL INDOOR,2,1
BASEBALL JR/SOFTBALL/T-BALL,2,3
PLAYGROUND,2,1
SPRAY FEATURE,2,1
BASEBALL SR,2,1
TENNIS COURTS,2,5
BASKETBALL BACKBOARDS,261,2
BASKETBALL COURTS,261,1
FOOTBALL SOCCER COMBO,261,1
BASEBALL JR/SOFTBALL/T-BALL,261,1
PLAYGROUND,261,1
SPRAY FEATURE,261,1
BASEBALL SR,261,1
WATER PLAYGROUND,261,1
PLAYGROUND PARK,453,1
BASKETBALL BACKBOARDS,263,4
BASKETBALL COURTS,263,2
FOOTBALL SOCCER COMBO,263,1
BASEBALL JR/SOFTBALL/T-BALL,263,1
PLAYGROUND,263,1
BASKETBALL BACKBOARDS,267,8
BASKETBALL COURTS,267,4
FOOTBALL SOCCER COMBO,267,2
BASEBALL JR/SOFTBALL/T-BALL,267,2
PLAYGROUND,267,2
BASEBALL SR,267,2
TENNIS COURTS,267,6
TRACK,267,1
PLAYGROUND PARK,1121,1
PLAYGROUND PARK,1284,1
SPRAY FEATURE,1284,1
ARTIFICIAL TURF FIELDS,230,1
FOOTBALL SOCCER COMBO,230,1
FITNESS CENTER,230,1
GYMNASIUM,230,1
BASEBALL JR/SOFTBALL/T-BALL,230,4
POOL OUTDOOR,230,1
PLAYGROUND,230,1
SKATE PARK,230,1
SPRAY FEATURE,230,1
BASEBALL SR,230,2
TENNIS COURTS,230,3
VOLLEYBALL SAND,230,1
WATER PLAYGROUND,230,1
GYMNASIUM,1018,1
FOOTBALL SOCCER COMBO,3,1
FITNESS CENTER,3,1
GYMNASIUM,3,2
BASEBALL JR/SOFTBALL/T-BALL,3,3
POOL OUTDOOR,3,1
PLAYGROUND,3,1
VOLLEYBALL,3,1
SPRAY FEATURE,3,1
BASEBALL SR,3,1
TENNIS COURTS,3,2
VOLLEYBALL SAND,3,1
PLAYGROUND,1062,1
SPRAY FEATURE,1062,1
PLAYGROUND,1071,1
SPRAY FEATURE,1071,1
BASKETBALL BACKBOARDS,1036,6
BASKETBALL COURTS,1036,1
FOOTBALL SOCCER COMBO,1036,1
HORSESHOE COURTS,1036,2
BASEBALL JR/SOFTBALL/T-BALL,1036,1
PLAYGROUND,1036,1
VOLLEYBALL SAND,1036,1
BASKETBALL BACKBOARDS,1213,4
BASKETBALL COURTS,1213,2
FOOTBALL SOCCER COMBO,1213,1
BASEBALL JR/SOFTBALL/T-BALL,1213,3
PLAYGROUND,1213,1
TENNIS COURTS,1213,2
BASKETBALL BACKBOARDS,426,4
BASKETBALL COURTS,426,1
PLAYGROUND,426,1
PLAYGROUND PARK,1162,1
BASKETBALL BACKBOARDS,1029,2
BASKETBALL COURTS,1029,1
FOOTBALL SOCCER COMBO,1029,1
PLAYGROUND,1029,1
SPRAY FEATURE,1029,1
BASEBALL SR,1029,2
VOLLEYBALL SAND,1029,1
BASKETBALL BACKBOARDS,266,6
BASKETBALL COURTS,266,1
FOOTBALL SOCCER COMBO,266,1
BASEBALL JR/SOFTBALL/T-BALL,266,2
PLAYGROUND,266,1
BASKETBALL BACKBOARDS,1020,8
BASKETBALL COURTS,1020,2
GYMNASIUM,1020,1
PLAYGROUND,1020,1
SPRAY FEATURE,1020,1
BASKETBALL BACKBOARDS,286,2
BASKETBALL COURTS,286,1
FOOTBALL SOCCER COMBO,286,1
GYMNASIUM,286,1
BASEBALL JR/SOFTBALL/T-BALL,286,1
POOL OUTDOOR,286,1
PLAYGROUND,286,1
ARTIFICIAL TURF FIELDS,23,1
BASKETBALL BACKBOARDS,23,6
BASKETBALL COURTS,23,2
CASTING AREA,23,1
FOOTBALL SOCCER COMBO,23,1
GYMNASIUM,23,1
GYMNASTIC CENTERS,23,1
ICE SKATING,23,1
BASEBALL JR/SOFTBALL/T-BALL,23,3
POOL OUTDOOR,23,1
PLAYGROUND,23,1
BASEBALL SR,23,2
TENNIS COURTS,23,10
WATER PLAYGROUND,23,1
LAGOON,23,1
PLAYGROUND PARK,325,1
SPRAY FEATURE,325,1
PLAYGROUND PARK,323,1
SPRAY FEATURE,323,1
PLAYGROUND PARK,321,1
PLAYGROUND PARK,1112,1
BASKETBALL BACKBOARDS,339,2
BASKETBALL COURTS,339,1
PLAYGROUND,339,1
BASKETBALL BACKBOARDS,492,4
BASKETBALL COURTS,492,2
FOOTBALL SOCCER COMBO,492,1
BASEBALL JR/SOFTBALL/T-BALL,492,2
PLAYGROUND,492,1
PLAYGROUND PARK,324,1
SPRAY FEATURE,324,1
BASKETBALL BACKBOARDS,305,4
BASKETBALL COURTS,305,1
FOOTBALL SOCCER COMBO,305,2
GYMNASIUM,305,1
BASEBALL JR/SOFTBALL/T-BALL,305,2
PLAYGROUND,305,1
TENNIS COURTS,305,2
PLAYGROUND PARK,372,1
SPRAY FEATURE,372,1
ARTIFICIAL TURF FIELDS,14,1
BASKETBALL BACKBOARDS,14,4
BASKETBALL COURTS,14,2
FOOTBALL SOCCER COMBO,14,2
FITNESS CENTER,14,1
HORSESHOE COURTS,14,2
BASEBALL JR/SOFTBALL/T-BALL,14,3
POOL OUTDOOR,14,1
PLAYGROUND,14,1
SPRAY FEATURE,14,1
PLAYGROUND PARK,322,1
PLAYGROUND,362,1
SPRAY FEATURE,362,1
BASKETBALL BACKBOARDS,4,6
BASKETBALL COURTS,4,1
FOOTBALL SOCCER COMBO,4,1
FITNESS CENTER,4,1
GYMNASIUM,4,2
BASEBALL JR/SOFTBALL/T-BALL,4,2
POOL OUTDOOR,4,1
PLAYGROUND,4,1
SPRAY FEATURE,4,1
BASEBALL SR,4,1
TENNIS COURTS,4,2
TRACK,4,1
BOXING CENTER,4,1
PLAYGROUND,1278,1
SPORT ROLLER COURTS,1278,1
PLAYGROUND PARK,351,1
BASKETBALL BACKBOARDS,271,5
BASKETBALL COURTS,271,2
FOOTBALL SOCCER COMBO,271,2
FITNESS CENTER,271,1
GYMNASIUM,271,1
BASEBALL JR/SOFTBALL/T-BALL,271,3
POOL OUTDOOR,271,1
PLAYGROUND,271,1
BASEBALL SR,271,1
TENNIS COURTS,271,1
BOXING CENTER,271,1
FOOTBALL SOCCER COMBO,1010,1
COMMUNITY GARDEN,1010,1
BASEBALL JR/SOFTBALL/T-BALL,1010,2
PLAYGROUND,1010,1
SPORT ROLLER COURTS,1010,1
SPRAY FEATURE,1010,1
BASEBALL SR,1010,2
TENNIS COURTS,1010,2
BASKETBALL BACKBOARDS,1033,1
BASKETBALL COURTS,1033,1
PLAYGROUND,1033,1
VOLLEYBALL SAND,1033,1
ARTIFICIAL TURF FIELDS,250,1
BASKETBALL BACKBOARDS,250,2
BASKETBALL COURTS,250,1
FOOTBALL SOCCER COMBO,250,1
FITNESS CENTER,250,1
GYMNASIUM,250,1
HORSESHOE COURTS,250,4
BASEBALL JR/SOFTBALL/T-BALL,250,4
PLAYGROUND,250,1
SPRAY FEATURE,250,1
BASEBALL SR,250,2
TENNIS COURTS,250,1
WATER PLAYGROUND,250,1
PLAYGROUND PARK,404,1
SPRAY FEATURE,404,1
BASKETBALL BACKBOARDS,1063,2
BASKETBALL COURTS,1063,1
HORSESHOE COURTS,1063,1
PLAYGROUND,1063,1
SPRAY FEATURE,1063,1
BASEBALL JR/SOFTBALL/T-BALL,291,1
PLAYGROUND,291,2
BASKETBALL BACKBOARDS,1028,2
BASKETBALL COURTS,1028,1
FOOTBALL SOCCER COMBO,1028,1
PLAYGROUND,1028,1
SPRAY FEATURE,1028,1
VOLLEYBALL SAND,1028,1
PLAYGROUND PARK,292,1
SPRAY FEATURE,292,1
PLAYGROUND PARK,378,1
PLAYGROUND PARK,394,1
FOOTBALL SOCCER COMBO,1016,1
HORSESHOE COURTS,1016,1
BASEBALL JR/SOFTBALL/T-BALL,1016,2
PLAYGROUND,1016,2
SPRAY FEATURE,1016,1
VOLLEYBALL SAND,1016,1
PLAYGROUND PARK,440,1
PLAYGROUND PARK,1083,1
SPRAY FEATURE,1083,1
BASKETBALL BACKBOARDS,1098,2
BASKETBALL COURTS,1098,1
PLAYGROUND PARK,1111,1
BASKETBALL BACKBOARDS,1014,2
BASKETBALL COURTS,1014,1
FOOTBALL SOCCER COMBO,1014,1
FITNESS CENTER,1014,1
GYMNASIUM,1014,1
BASEBALL JR/SOFTBALL/T-BALL,1014,2
PLAYGROUND,1014,1
VOLLEYBALL,1014,1
SPRAY FEATURE,1014,1
BASKETBALL BACKBOARDS,1051,2
BASKETBALL COURTS,1051,1
HORSESHOE COURTS,1051,3
PLAYGROUND,1051,1
SPRAY FEATURE,1051,1
BASKETBALL BACKBOARDS,238,6
BASKETBALL COURTS,238,3
FOOTBALL SOCCER COMBO,238,1
BASEBALL JR/SOFTBALL/T-BALL,238,2
PLAYGROUND,238,1
SPRAY FEATURE,238,1
BASEBALL SR,238,2
TENNIS COURTS,238,4
ARTIFICIAL TURF FIELDS,247,1
FOOTBALL SOCCER COMBO,247,1
GYMNASIUM,247,1
BASEBALL JR/SOFTBALL/T-BALL,247,4
PLAYGROUND,247,1
VOLLEYBALL,247,1
SPORT ROLLER COURTS,247,1
SPRAY FEATURE,247,1
BASEBALL SR,247,1
TENNIS COURTS,247,2
BASKETBALL BACKBOARDS,1008,2
BASKETBALL COURTS,1008,1
FOOTBALL SOCCER COMBO,1008,1
BASEBALL JR/SOFTBALL/T-BALL,1008,1
PLAYGROUND,1008,1
SPRAY FEATURE,1008,1
VOLLEYBALL SAND,1008,1
PLAYGROUND PARK,391,1
BASKETBALL BACKBOARDS,371,4
BASKETBALL COURTS,371,1
FOOTBALL SOCCER COMBO,371,1
FITNESS CENTER,371,1
GYMNASIUM,371,1
HORSESHOE COURTS,371,2
BASEBALL JR/SOFTBALL/T-BALL,371,2
PLAYGROUND,371,1
TENNIS COURTS,371,2
VOLLEYBALL SAND,371,2
BASKETBALL BACKBOARDS,243,4
BASKETBALL COURTS,243,2
FOOTBALL SOCCER COMBO,243,1
FITNESS CENTER,243,1
GYMNASIUM,243,1
BASEBALL JR/SOFTBALL/T-BALL,243,4
POOL OUTDOOR,243,1
PLAYGROUND,243,1
BASEBALL SR,243,2
TENNIS COURTS,243,2
PLAYGROUND PARK,336,1
PLAYGROUND PARK,1086,1
BOCCE COURT,234,2
FOOTBALL SOCCER COMBO,234,1
GYMNASIUM,234,1
BASEBALL JR/SOFTBALL/T-BALL,234,2
POOL OUTDOOR,234,1
PLAYGROUND,234,1
BASEBALL SR,234,2
TENNIS COURTS,234,2
WATER PLAYGROUND,234,1
PLAYGROUND PARK,328,1
PLAYGROUND PARK,329,1
SPRAY FEATURE,329,1
BASKETBALL BACKBOARDS,1154,4
BASKETBALL COURTS,1154,2
PLAYGROUND,1154,1
PLAYGROUND PARK,415,1
PLAYGROUND PARK,337,1
BASKETBALL BACKBOARDS,8,8
BASKETBALL COURTS,8,4
FOOTBALL SOCCER COMBO,8,4
FITNESS CENTER,8,1
GYMNASIUM,8,1
BASEBALL JR/SOFTBALL/T-BALL,8,7
POOL OUTDOOR,8,1
PLAYGROUND,8,3
BASEBALL SR,8,2
TENNIS COURTS,8,4
TRACK,8,1
WATER PLAYGROUND,8,1
BOXING CENTER,8,1
CAROUSEL,8,1
BASKETBALL BACKBOARDS,1011,6
BASKETBALL COURTS,1011,3
FOOTBALL SOCCER COMBO,1011,1
HORSESHOE COURTS,1011,2
BASEBALL JR/SOFTBALL/T-BALL,1011,2
PLAYGROUND,1011,1
SPRAY FEATURE,1011,1
PLAYGROUND PARK,1137,1
PLAYGROUND PARK,436,1
PLAYGROUND PARK,331,1
BASEBALL BATTING CAGES,245,1
FOOTBALL SOCCER COMBO,245,1
FITNESS CENTER,245,1
GYMNASIUM,245,1
ICE SKATING,245,1
BASEBALL JR/SOFTBALL/T-BALL,245,2
PLAYGROUND,245,1
SPRAY FEATURE,245,1
BASEBALL SR,245,2
PLAYGROUND PARK,403,1
PLAYGROUND PARK,340,1
BEACH,429,1
CULTURAL CENTER,429,1
GALLERY,429,1
GOLF COURSE,429,1
TENNIS COURTS,429,4
PLAYGROUND PARK,1129,1
PLAYGROUND PARK,294,1
PLAYGROUND,484,1
BASKETBALL BACKBOARDS,1275,2
BASKETBALL COURTS,1275,1
PLAYGROUND PARK,1275,1
PLAYGROUND PARK,441,1
FOOTBALL SOCCER COMBO,1268,7
ICE SKATING,1268,1
BASKETBALL BACKBOARDS,1049,2
BASKETBALL COURTS,1049,1
FOOTBALL SOCCER COMBO,1049,1
BASEBALL JR/SOFTBALL/T-BALL,1049,1
PLAYGROUND,1049,1
WATER PLAYGROUND,1049,1
BASKETBALL BACKBOARDS,387,4
BASKETBALL COURTS,387,2
BASEBALL JR/SOFTBALL/T-BALL,387,1
PLAYGROUND,387,1
SPRAY FEATURE,387,1
BASKETBALL BACKBOARDS,9,4
BASKETBALL COURTS,9,2
FOOTBALL SOCCER COMBO,9,2
CULTURAL CENTER,9,1
GYMNASIUM,9,2
HANDBALL,9,2
BASEBALL JR/SOFTBALL/T-BALL,9,4
POOL OUTDOOR,9,1
PLAYGROUND,9,1
SPRAY FEATURE,9,1
BASEBALL SR,9,2
TENNIS COURTS,9,8
BEACH,459,1
PLAYGROUND,459,1
TENNIS COURTS,459,2
BASKETBALL BACKBOARDS,1073,4
BASKETBALL COURTS,1073,2
FOOTBALL SOCCER COMBO,1073,1
PLAYGROUND,1073,1
SPRAY FEATURE,1073,1
TRACK,1073,1
BASKETBALL BACKBOARDS,1048,2
BASKETBALL COURTS,1048,1
FOOTBALL SOCCER COMBO,1048,1
BASEBALL JR/SOFTBALL/T-BALL,1048,1
PLAYGROUND,1048,1
BASKETBALL BACKBOARDS,1053,2
BASKETBALL COURTS,1053,1
FOOTBALL SOCCER COMBO,1053,1
BASEBALL JR/SOFTBALL/T-BALL,1053,1
PLAYGROUND,1053,1
SPRAY FEATURE,1053,1
BASEBALL SR,1053,1
BASKETBALL BACKBOARDS,231,4
BASKETBALL COURTS,231,2
FOOTBALL SOCCER COMBO,231,1
PLAYGROUND,231,1
SHUFFLEBOARD,231,7
BASEBALL SR,231,1
PLAYGROUND PARK,1094,1
BASKETBALL BACKBOARDS,395,4
BASKETBALL COURTS,395,1
PLAYGROUND,395,1
BASKETBALL BACKBOARDS,15,4
BASKETBALL COURTS,15,1
FOOTBALL SOCCER COMBO,15,1
FITNESS CENTER,15,1
GYMNASIUM,15,2
BASEBALL JR/SOFTBALL/T-BALL,15,3
POOL OUTDOOR,15,1
PLAYGROUND,15,1
SPRAY FEATURE,15,1
BASEBALL SR,15,1
TENNIS COURTS,15,6
TRACK,15,1
PLAYGROUND PARK,434,1
PLAYGROUND,334,1
SPRAY FEATURE,334,1
BASEBALL JR/SOFTBALL/T-BALL,296,1
PLAYGROUND,296,1
PLAYGROUND,1267,1
LAGOON,1203,1
FOOTBALL SOCCER COMBO,33,1
BASEBALL JR/SOFTBALL/T-BALL,33,2
PLAYGROUND,33,1
VOLLEYBALL,33,1
BASEBALL SR,33,2
TENNIS COURTS,33,3
BASKETBALL BACKBOARDS,6,4
BASKETBALL COURTS,6,1
FOOTBALL SOCCER COMBO,6,1
FITNESS CENTER,6,1
GYMNASIUM,6,1
BASEBALL JR/SOFTBALL/T-BALL,6,3
POOL OUTDOOR,6,1
PLAYGROUND,6,1
TENNIS COURTS,6,3
VOLLEYBALL SAND,6,2
BASKETBALL BACKBOARDS,29,4
BASKETBALL COURTS,29,1
FOOTBALL SOCCER COMBO,29,2
FITNESS CENTER,29,1
GYMNASIUM,29,1
BASEBALL JR/SOFTBALL/T-BALL,29,6
POOL OUTDOOR,29,1
PLAYGROUND,29,1
SPRAY FEATURE,29,1
BASEBALL SR,29,1
TENNIS COURTS,29,6
TRACK,29,1
BASKETBALL BACKBOARDS,26,8
BASKETBALL COURTS,26,3
FOOTBALL SOCCER COMBO,26,1
FITNESS CENTER,26,1
GYMNASIUM,26,1
HORSESHOE COURTS,26,2
POOL INDOOR,26,1
BASEBALL JR/SOFTBALL/T-BALL,26,4
PLAYGROUND,26,1
BASEBALL SR,26,1
TENNIS COURTS,26,8
TRACK,26,1
WATER PLAYGROUND,26,1
BASKETBALL BACKBOARDS,270,4
BASKETBALL COURTS,270,2
FOOTBALL SOCCER COMBO,270,1
HORSESHOE COURTS,270,1
BASEBALL JR/SOFTBALL/T-BALL,270,2
PLAYGROUND,270,1
SPRAY FEATURE,270,1
FOOTBALL SOCCER COMBO,268,1
FITNESS COURSES,268,1
BASEBALL JR/SOFTBALL/T-BALL,268,3
PLAYGROUND,268,1
SPORT ROLLER COURTS,268,1
SPRAY FEATURE,268,1
BASEBALL SR,268,1
BASKETBALL BACKBOARDS,237,2
BASKETBALL COURTS,237,1
FOOTBALL SOCCER COMBO,237,1
GYMNASIUM,237,1
BASEBALL JR/SOFTBALL/T-BALL,237,3
PLAYGROUND,237,1
SPRAY FEATURE,237,1
BASEBALL SR,237,1
TENNIS COURTS,237,6
BASKETBALL BACKBOARDS,1046,2
BASKETBALL COURTS,1046,1
PLAYGROUND,1046,1
SPRAY FEATURE,1046,1
PLAYGROUND PARK,1286,1
PLAYGROUND,1069,1
SPRAY FEATURE,1069,1
BASKETBALL BACKBOARDS,363,2
BASKETBALL COURTS,363,1
BASEBALL JR/SOFTBALL/T-BALL,363,2
PLAYGROUND,363,1
SPRAY FEATURE,363,1
ARTIFICIAL TURF FIELDS,19,1
BASKETBALL BACKBOARDS,19,8
BASKETBALL COURTS,19,4
BEACH,19,2
BOAT LAUNCH (NON-MOTORIZED),19,1
BOAT SLIPS,19,3
BOWLING GREEN,19,2
FOOTBALL SOCCER COMBO,19,4
FITNESS CENTER,19,1
GARDEN,19,2
GOLF COURSE,19,1
GOLF DRIVING RANGE,19,1
GYMNASIUM,19,1
BASEBALL JR/SOFTBALL/T-BALL,19,6
PLAYGROUND,19,6
BASEBALL SR,19,2
TENNIS COURTS,19,24
TRACK,19,1
WATER PLAYGROUND,19,1
LAGOON,19,2
CROQUET,19,1
BASKETBALL BACKBOARDS,1004,2
BASKETBALL COURTS,1004,1
FOOTBALL SOCCER COMBO,1004,1
BASEBALL JR/SOFTBALL/T-BALL,1004,2
PLAYGROUND,1004,1
TENNIS COURTS,1004,2
VOLLEYBALL SAND,1004,1
BASKETBALL BACKBOARDS,66,4
BASKETBALL COURTS,66,2
FOOTBALL SOCCER COMBO,66,1
BASEBALL JR/SOFTBALL/T-BALL,66,2
PLAYGROUND,66,1
SPRAY FEATURE,66,1
TENNIS COURTS,66,2
